{
  "undergarden:undergarden/root": {
    "criteria": {
      "tick": "2024-08-25 17:59:27 -0400"
    },
    "done": true
  },
  "inventorypets:root": {
    "criteria": {
      "auto": "2024-08-25 17:59:26 -0400"
    },
    "done": true
  },
  "mowziesmobs:root": {
    "criteria": {
      "custom_test_name": "2024-08-25 17:59:27 -0400"
    },
    "done": true
  },
  "corail_recycler:tutorial/root": {
    "criteria": {
      "auto": "2024-08-25 17:59:26 -0400"
    },
    "done": true
  },
  "minecraft:adventure/adventuring_time": {
    "criteria": {
      "minecraft:forest": "2024-08-25 17:59:26 -0400"
    },
    "done": false
  },
  "DataVersion": 2586
}